code;topic;name;description
temperature;;Temperatur;Gibt an wie kalt oder warm etwas ist.
air_temperature;air_and_atmosphere;Lufttemperatur;Gibt an wie kalt oder warm die Luft ist.
wet_bulb_temperature;air_and_atmosphere;Wet bulb temperature;"(auch Kühlgrenztemperatur) Die tiefste Temperatur, die sich durch direkte Verdunstungskühlung in einer bestimmten Umgebung erreichen lässt; Maß dafür, wie effetiv sich der Körper durch schwitzen kühlen kann."
precipitation;air_and_atmosphere;Niederschlag;Ablagerung von Hagel, Nebel, Regen, Graupel oder Schnee (gemessen als verflüssigtes Wasser) auf der Erde.
atmospheric_pressure;air_and_atmosphere;Luftdruck;Luftdruck der Erdatmospäre.
sound_pressure_level;sound;Schalldruck;Der durch eine Schallwelle verursachte atmosphärische Druck (Durchschnitts- oder Gleichgewichtsdruck).
soil_temperature;soil;Bodentemperatur;Gibt an wie kalt oder warm der Erdboden ist.
soil_moisture;soil;Bodenfeuchte;Wassergehalt des Erdbodens.
soil_matrix_potential;soil;Bodensaugspannung;Bindungsstärke des Wassers an die Bodenmatrix.
relative_humidity;air_and_atmosphere;Relative Luftfeuchte;Das Verhältnis zwischen der tatsächlich in der Luft vorhandenen Wasserdampfmenge und der größtmöglichen Menge bei gleicher Temperatur.
absolute_humidity;air_and_atmosphere;Absolute Luftfeuchte;Die absolut vorhandene Wasserdampfmenge in der Luft.
dew_point_temperature;air_and_atmosphere;Taupunkttemperatur;Lufttemperatur, bei der die vorhandene Wasserdampfmenge beginnt zu kondensieren.
movement_speed;;Geschwindigkeit;Geschwindigkeit eines Körpers.
wind_speed;air_and_atmosphere;Windgeschwindigkeit;Geschwindigkeit des Windes.
peak_wind_speed;air_and_atmosphere;Windspitzengeschwindigkeit;Spitzengeschwindigkeit des Windes.
wind_direction;air_and_atmosphere;Windrichtung;Richtung, aus der der Wind weht.
solar_zenith_angle;light_and_radiation;Zenitwinkel der Sonne;Der Winkel zwischen dem Zenit und dem Mittelpunkt der Sonnenscheibe.
sunshine_duration;light_and_radiation;Sonnenscheindauer;Dauer der Sonneneinstrahlung in einem bestimmten Zeitraum.
water_level;water;Wasserstand;Die Höhe der freien Oberfläche eines Flusses, Sees oder Stausees relativ zu einer bestimmten Bezugsebene.
water_balance;soil;Wasserbilanz;Nettofluss von Wasser in und aus einem System.
groundwater_level;water;Grundwasserstand;Die Höhe des Grundwasserspiegels relativ zu einer bestimmten Bezugsebene.
global_radiation;light_and_radiation;Globalstrahlung;Summe der Sonnenstrahlung (direkt und indirekt), die auf die Erdoberfläche trifft.
global_radiation_short;light_and_radiation;Globalstrahlung (kurzwellig);Kurzwelliger Anteil der Globalstrahlung, insbesondere UV-Licht, sichtbares Licht und Nahinfrarot.
global_radiation_long;light_and_radiation;Globalstrahlung (langwellig);Langwelliger (thermischer) Anteil der Globalstrahlung, hauptsächlich im mittleren und fernen Infrarot.
diffuse_sky_radiation;light_and_radiation;Diffuse Himmelsstrahlung;Sonnenstrahlung, die die Erdoberfläche erreicht, nachdem sie von der direkten Sonnenstrahlung durch Moleküle oder Suspensoide in der Atmosphäre gestreut worden ist.
ambient_radioactive_dose_rate;light_and_radiation;Radioaktive Ortsdosisleistung;Die Menge der radioaktiven Dosis, die eine Person innerhalb eines bestimmten Zeitraums erhält.
radioactive_count_rate;light_and_radiation;Radioaktive Zählrate;Die von einem Strahlungsüberwachungsgerät registrierte Anzahl von Zählungen pro Zeiteinheit.
ultraviolet_a;light_and_radiation;Ultraviolett A;Ultraviolett A (UVA) ist die elektromagnetische Strahlung mit einer Wellenlänge von 315 nm bis 380 nm, die für den Menschen nicht sichtbar ist.
ultraviolet_b;light_and_radiation;Ultraviolett B;Ultraviolett B (UVB) ist die elektromagnetische Strahlung mit einer Wellenlänge von 280 nm bis 315 nm, die für den Menschen nicht sichtbar ist.
photosynthetically_active_radiation;light_and_radiation;Photosynthetisch aktive Strahlung;Als photosynthetisch aktive Strahlung (PAR) wird der Spektralbereich der Sonnenstrahlung von 400 bis 700 nm bezeichnet, den photosynthetische Organismen für den Prozess der Photosynthese nutzen können.
snowfall;air_and_atmosphere;Schneefall;Eiskristalle, die sich in der Atmosphäre absetzen (gemessen als fester Schnee).
snow_depth;soil;Schneetiefe;Schneehöhe auf einer Fläche.
flow_speed;;Fließgeschwindigkeit;Geschwindigkeit eines Dampfstroms, einer gerichteten Bewegung von Teilchen oder einer Flüssigkeit.
flow_speed_of_water;water;Fließgeschwindigkeit (Wasser);Fließgeschwindigkeit eines Gewässers
water_discharge;water;Abfluss (Wasser);Volumenstrom des Wassers, der durch eine bestimmte Querschnittsfläche transportiert wird.
water_volume;water;Water volume;Wasservolumen in einem See oder Reservoir.
water_temperature;water;Wassertemperatur;Gibt an wie kalt oder warm das Wasser ist.
concentration;;Konzentration;Häufigkeit eines Bestandteils geteilt durch das Gesamtvolumen eines Gemischs.
concentration_of_o3_in_air;air_and_atmosphere;Ozon (Luft);Ozongehalt der Luft (O3).
concentration_of_so2_in_air;air_and_atmosphere;Schwefeldioxid (Luft);Schwefeldioxidgehalt der Luft (SO2).
concentration_of_co_in_air;air_and_atmosphere;Kohlenmonoxid (Luft);Kohlenmonoxidgehalt der Luft (CO).
concentration_of_co2_in_air;air_and_atmosphere;Kohlendioxidgehalt (Luft);Kohlendioxidgehalt der Luft (CO2).
concentration_of_ch4_in_air;air_and_atmosphere;Methan (Luft);Methangehalt der Luft (CH4).
concentration_of_no2_in_air;air_and_atmosphere;Stickstoffdioxid (Luft);Stickstoffdioxidgehalt der Luft (NO2).
concentration_of_no_in_air;air_and_atmosphere;Stickstoffmonoxid (Luft);Stickstoffmonoxidgehalt der Luft (NO).
concentration_of_nh4_in_air;air_and_atmosphere;Ammoniak (Luft);Ammoniakgehalt der Luft (NH4).
concentration_of_pm1_in_air;air_and_atmosphere;Feinstaub (PM1);Gehalt von Feinstaub (PM1) in der Luft.
concentration_of_pm2_5_in_air;air_and_atmosphere;Feinstaub (PM2.5);Gehalt von Feinstaub (PM2.5) in der Luft.
concentration_of_pm10_in_air;air_and_atmosphere;Feinstaub (PM10);Gehalt von Feinstaub (PM10) in der Luft.
concentration_of_tsp_in_air;air_and_atmosphere;Schwebstoffgehalt (Luft);Schwebstoffgehalt der Luft.
concentration_of_water_in_air;air_and_atmosphere;Wassergehalt (Luft);Wassergehalt in der Luft.
concentration_of_formaldehyde_in_air;air_and_atmosphere;Formaldehyd (Luft);Formaldehydgehalt der Luft.
concentration_of_o2_in_water;water;Sauerstoffgehalt (Wasser);Sauerstoffgehalt des Wassers
concentration_of_nh4_in_water;water;Ammoniak (Wasser);Ammoniakgehalt des Wassers (NH4).
concentration_of_cl_in_water;water;Chlorgehalt (Wasser);Chlorgehalt des Wassers.
concentration_of_suspended_solids_in_water;water;Schwebstoffgehalt (Wasser);Schwebstoffgehalt des Wassers.
electrical_conductivity;;Elektrische Leitfähigkeit;Fähigkeit eines Materials, elektrischen Strom zu leiten.
electrical_conductivity_of_water;water;Elektrische Leitfähigkeit (Wasser);Die Fähigkeit von Wasser, elektrischen Strom zu leiten.
ph;water;pH-Wert;Der Säuregrad oder die Basizität einer wässrigen Lösung. Genauer gesagt der negative Logarithmus zur Basis 10 der Aktivität des Wasserstoffions.
turbitity_of_water;water;Trübung (Wasser);Trübungsgrad des Wassers, verursacht durch Partikel bzw. Schwebstoffe
cloud_coverage;air_and_atmosphere;Wolkenbedeckung;Der Anteil des Himmels, der bei der Beobachtung von einem bestimmten Standort aus durch Wolken verdeckt wird.
count;;Anzahl;Anzahl von Dingen oder Ereignissen.
vehicle_count;traffic;Anzahl Fahrzeuge;Anzahl an Fahrzeugen.
confidence_level;;Konfidenzniveau;Das Konfidenzniveau gibt die Wahrscheinlichkeit an, mit der die Schätzung eines statistischen Parameters aus einer Stichprobe für die Grundgesamtheit richtig ist.
price;goods_and_prices;Preis;Geldbetrag, den eine Ware kostet.
fuel_price_e5;goods_and_prices;Benzinpreis E5;Kraftstoffpreis E5.
fuel_price_e10;goods_and_prices;Benzinpreis E10;Kraftstoffpreis E10.
fuel_price_diesel;goods_and_prices;Dieselpreis;Kraftstoffpreis Diesel.
leaf_wetness;air_and_atmosphere;Blattfeuchte;Ein meteorologischer Parameter, der die Menge an Tau und Niederschlag beschreibt, die auf Oberflächen verbleibt. Er beschreibt das Verhältnis der nassen Zeit während der gesamten Messzeit.
longitude;;Geogr. Länge;Breitengrad einer geografischen Position.
latitude;;Geogr. Breite;Längengrad einer geografischen Position.
supply_voltage;;Versorgungsspannung;Spannung, die einem Gerät zugeführt wird.
tilt;;Erschütterung;Erschütterungsindkator.
occupancy_rate;;Belegungsgrad;Anteil der genutzten Kapazität im Verhältnis zur Gesamtkapazität.
raw_value;;Rohdaten;Sensorrohdaten ohne weitere Beschreibung.
unknown;;Nicht klassifiziert;Unklassifizierte Sensordaten.