{"open/epa-air":{"code":"EPA-AIR","name":"EPA-Air","citation":{"source_shortname":"EPA Air Data Reports","citation_statement":"Data provided by: United States Environmental Protection Agency (EPA). Legal information: https://edg.epa.gov/EPA_Data_License.html","modification_statement":"Format conversions applied, additional metadata supplied.","source_logo_url":"https://www.epa.gov/sites/all/themes/epa/img/epa-seal-large.png","source_link_uri":"https://www.epa.gov/outdoor-air-quality-data/about-air-data-reports"},"additional_properties":null,"registered":null},"open/NOAA-ISD":{"code":"NOAA-ISD","name":"NOAA ISD","citation":{"source_shortname":"NOAA Integrated Surface Database (ISD)","citation_statement":"Data provided by: NOAA National Centers for Environmental Information.","modification_statement":"Subset of the ISD Lite Data Product. Format conversions applied, additional metadata supplied.","source_logo_url":"https://www.ncdc.noaa.gov/sites/all/themes/custom/ncdc/images/logos/logo_noaa.png","source_link_uri":"https://www.ncdc.noaa.gov/isd"},"additional_properties":null,"registered":null}}