{"open/EPA-AIR/55-079-0010/61103-1_HOURLY":{"code":"61103-1_HOURLY","name":"61103-1_HOURLY","description":"Parameter: Wind Speed - Resultant; Method: Non-FRM / INSTRUMENTAL - VECTOR SUMMATION","sens_interval":"PT1H","sampl_interval":"PT1H","sens_decimal_precision":null,"phenomenon":{"code":"wind_speed","topic_code":"air_and_atmosphere","topic":"Air and Atmosphere","name":"Wind speed","description":"Velocity of air moving from high pressure to low pressure.","uom":"m/s","aggregation":"MEAN","additional_properties":null},"elevation":null,"additional_properties":null},"open/epa-air/55-079-0010/61104-1_hourly":{"code":"61104-1_HOURLY","name":"61104-1_HOURLY","description":"Parameter: Wind Direction - Resultant; Method: Non-FRM / INSTRUMENTAL - VECTOR SUMMATION","sens_interval":"PT1H","sampl_interval":"PT1H","sens_decimal_precision":null,"phenomenon":{"code":"wind_direction","topic_code":"air_and_atmosphere","topic":"Air and Atmosphere","name":"Wind direction","description":"Direction from which the wind originates.","uom":"°","aggregation":"MEAN","additional_properties":null},"elevation":null,"additional_properties":null},"open/NOAA-ISD/726400-14839/WIND_DIRECTION":{"code":"WIND_DIRECTION","name":"Wind Direction","description":null,"sens_interval":"PT1H","sampl_interval":"PT1H","sens_decimal_precision":null,"phenomenon":{"code":"wind_direction","topic_code":"air_and_atmosphere","topic":"Air and Atmosphere","name":"Wind direction","description":"Direction from which the wind originates.","uom":"°","aggregation":"MEAN","additional_properties":null},"elevation":null,"additional_properties":null},"open/NOAA-ISD/726400-14839/WIND_SPEED_RATE":{"code":"WIND_SPEED_RATE","name":"Wind Speed Rate","description":null,"sens_interval":"PT1H","sampl_interval":"PT1H","sens_decimal_precision":null,"phenomenon":{"code":"wind_speed","topic_code":"air_and_atmosphere","topic":"Air and Atmosphere","name":"Wind speed","description":"Velocity of air moving from high pressure to low pressure.","uom":"m/s","aggregation":"MEAN","additional_properties":null},"elevation":null,"additional_properties":null}}