code;topic;name;description
temperature;;temperature;Degree of hotness or coldness of a physical body or a medium.
air_temperature;air_and_atmosphere;Air temperature;Degree of hotness or coldness of the ambient air or atmosphere on a defined scale.
wet_bulb_temperature;air_and_atmosphere;Wet bulb temperature;The lowest temperature that can be reached by the evaporation of water, measuring how effectively the body can cool itself through sweating.
precipitation;air_and_atmosphere;Precipitation;A deposit on the earth of hail, mist, rain, sleet, or snow (measured as liquefied water).
atmospheric_pressure;air_and_atmosphere;Atmospheric pressure;Pressure within the atmosphere of Earth at a given location.
sound_pressure_level;sound;Sound pressure level;The ambient (average, or equilibrium) atmospheric pressure, caused by a sound wave.
soil_temperature;soil;Soil temperature;Degree of hotness or coldness of the soil on a defined scale.
soil_moisture;soil;Soil moisture;Water content of the soil.
soil_matrix_potential;soil;Soil matrix Potential;Binding strength of the water to the soil matrix.
relative_humidity;air_and_atmosphere;Relative humidity;The ratio of the amount of water vapor actually present in the air to the greatest amount possible at the same temperature.
absolute_humidity;air_and_atmosphere;Absolute humidity;The absolute amount of water in the air.
dew_point_temperature;air_and_atmosphere;Dew point temperature;temperature of air when water vapor starts to condense.
movement_speed;;Movement speed;Velocity of a moving object.
wind_speed;air_and_atmosphere;Wind speed;Velocity of air moving from high pressure to low pressure.
peak_wind_speed;air_and_atmosphere;Peak wind speed;Peak velocity of air moving from high pressure to low pressure.
wind_direction;air_and_atmosphere;Wind direction;Direction from which the wind originates.
solar_zenith_angle;light_and_radiation;Solar zenith angle;The angle between the zenith and the centre of the Sun's disc.
sunshine_duration;light_and_radiation;Sunshine duration;Duration of sunshine in given period.
water_level;water;Water level;The elevation of the free surface of a stream, lake or reservoir relative to a specified reference plane.
water_balance;soil;Water balance;Net flow of water in and out of a system.
groundwater_level;water;Groundwater level;The elevation of the groundwater table relative to a specified reference plane.
global_radiation;light_and_radiation;Global radiation;Sum of solar radiation (direct and indirect) that arrives at the Earth's surface.
global_radiation_short;light_and_radiation;Global radiation (short);Short wave fraction of the global radiation, especially UV, visible and near infrared light.
global_radiation_long;light_and_radiation;Global radiation (long);Long wave (thermal) fraction of the global radiation, mostly medium and far infrared.
diffuse_sky_radiation;light_and_radiation;Diffuse sky radiation;Solar radiation reaching the Earth's surface after having been scattered from the direct solar beam by molecules or suspensoids in the atmosphere.
ambient_radioactive_dose_rate;light_and_radiation;Ambient radioactive dose rate;The amount of radioactive dose received by a person within a certain period of time.
radioactive_count_rate;light_and_radiation;Radioactive count rate;The rate of counts per unit time as registered by a radiation monitoring instrument.
ultraviolet_a;light_and_radiation;Ultraviolet A;Ultraviolet A (UVA) is the electromagnetic radiation with a wavelength from 315 nm to 380 nm that is not visible for humans.
ultraviolet_b;light_and_radiation;Ultraviolet B;Ultraviolet B (UVB) is the electromagnetic radiation with a wavelength from 280 nm to 315 nm that is not visible for humans.
photosynthetically_active_radiation;light_and_radiation;Photosynthetically active radiation;Photosynthetically active radiation (PAR) designates the spectral range of solar radiation from 400 to 700 nm that photosynthetic organisms are able to use in the process of photosynthesis.
snowfall;air_and_atmosphere;Snowfall;Ice crystals that precipitate from the atmosphere (measured as solid snow).
snow_depth;soil;Snow depth;Depth of snow on a surface.
flow_speed;;Flow speed;Speed of a stream steam, a directed movement of particles or a fluid.
flow_speed_of_water;water;Flow speed of water;Speed of a stream steam, a directed movement of particles or a fluid.
water_discharge;water;Discharge;Volume rate of water flow that is transported through a given cross-sectional area.
water_volume;water;Water volume;Water volume in a lake or reservoir.
water_temperature;water;Water temperature;Degree of hotness or coldness of water on a defined scale.
concentration;;Concentration;Abundance of a constituent divided by the total volume of a mixture.
concentration_of_o3_in_air;air_and_atmosphere;Ozone level (air);Amount of ozone gas present in a given volume of air.
concentration_of_so2_in_air;air_and_atmosphere;Sulfur Dioxide level (air);Amount of SO2 gas present in a given volume of air
concentration_of_co_in_air;air_and_atmosphere;Carbon Monoxide level (air);Amount of CO gas present in a given volume of air.
concentration_of_co2_in_air;air_and_atmosphere;Carbon Dioxide level (air);Amount of CO2 gas present in a given volume of air.
concentration_of_ch4_in_air;air_and_atmosphere;Methane level (air);Amount of methane gas present in a given volume of air.
concentration_of_no2_in_air;air_and_atmosphere;Nitrogen Dioxide level (air);Amount of NO2 gas present in a given volume of air.
concentration_of_no_in_air;air_and_atmosphere;Nitric Oxide level (air);Amount of NO gas present in a given volume of air.
concentration_of_nh4_in_air;air_and_atmosphere;Ammonium level (air);Amount of ammonia gas present in a given volume of air.
concentration_of_pm1_in_air;air_and_atmosphere;Particulate Matter (PM1) level;The number of fine particles with a size of 1 micrometer or smaller present in a given volume of air.
concentration_of_pm2_5_in_air;air_and_atmosphere;Particulate Matter (PM2.5) level;The number of fine particles with a size of 2.5 micrometers or smaller present in a given volume of air.
concentration_of_pm10_in_air;air_and_atmosphere;Particulate Matter (PM10) level;The number of particles with a size of 10 micrometers or smaller present in a given volume of air.
concentration_of_tsp_in_air;air_and_atmosphere;Total Suspended Particles level (air);The concentration of solid and liquid particles suspended in the air.
concentration_of_water_in_air;air_and_atmosphere;Water Vapor level (air);The amount of water molecules present in a given volume of air.
concentration_of_formaldehyde_in_air;air_and_atmosphere;Formaldehyde level;The amount of formaldehyde gas(volatile organic compound) present in a given volume of air.
concentration_of_o2_in_water;water;Oxygen level (water);The amount of dissolved oxygen gas present in a given volume of water.
concentration_of_nh4_in_water;water;Ammonium level (water);Amount of ammonia gas present in a given volume of water.
concentration_of_cl_in_water;water;Chloride level (water);The amount of chlorine present in a given volume of water.
concentration_of_suspended_solids_in_water;water;Suspended Solids (water);The number of solid particles that are suspended or floating in a given volume of water.
electrical_conductivity;;Electrical conductivity;Ability of a material to conduct an electrical current.
electrical_conductivity_of_water;water;Electrical conductivity of water;Ability of water to conduct an electrical current.
ph;water;pH;The acidity or basicity of an aqueous solution. More precisely it is the negative of the logarithm to base 10 of the activity of the hydrogen ion.
turbitity_of_water;water;Turbidity (water);The cloudiness or haziness of water (the inverse of water clarity)
cloud_coverage;air_and_atmosphere;Cloud coverage;The fraction of the sky obscured by clouds when observed from a particular location.
count;;Count;Number of things or events.
vehicle_count;traffic;Vehicle count;Number of vehicles.
confidence_level;;Confidence level;The confidence level indicates the probability with which the estimation of a statistical parameter from a sample is accurate for the population.
price;goods_and_prices;Price;Amount of money.
fuel_price_e5;goods_and_prices;Fuel price E5;Price of E5 fuel.
fuel_price_e10;goods_and_prices;Fuel price E10;Price of E10 fuel.
fuel_price_diesel;goods_and_prices;Fuel price Diesel;Price of Diesel fuel.
leaf_wetness;air_and_atmosphere;Leaf wetness;A meteorological parameter that describes the amount of dew and precipitation left on surfaces. It describes the ratio of wet time at the whole measurement time.
longitude;;Longitude;Latitude of a geographic position.
latitude;;Latitude;Longitude of a geographic position.
supply_voltage;;Supply voltage;Voltage supplied to a device.
tilt;;Tilt;Tilt indicator.
occupancy_rate;;Occupancy rate;The share of used capacity in relation to total capacity.
raw_value;;Raw value;A raw sensor reading.
unknown;;Unclassified value;an unclassified sensor reading