{"open/epa-air/55-079-0010/61104-1_hourly":{"code":"61104-1_HOURLY","name":"61104-1_HOURLY","description":"Parameter: Wind Direction - Resultant; Method: Non-FRM / INSTRUMENTAL - VECTOR SUMMATION","sens_interval":"PT1H","sampl_interval":"PT1H","sens_decimal_precision":null,"phenomenon":{"code":"wind_direction","topic_code":"air_and_atmosphere","topic":"Air and Atmosphere","name":"Wind direction","description":"Direction from which the wind originates.","uom":"°","aggregation":"MEAN","additional_properties":null},"elevation":null,"additional_properties":null}}